<?xml version="1.0" encoding="UTF-8"?>
<beans xmlns="http://www.springframework.org/schema/beans"
       xmlns:xsi="http://www.w3.org/2001/XMLSchema-instance"
       xsi:schemaLocation="http://www.springframework.org/schema/beans http://www.springframework.org/schema/beans/spring-beans.xsd">

    <beans>
        <bean id="processContext" class="is.ruframework.process.RuProcessContext">
            <property name="processName">
                <value>GameImportProcess</value>
            </property>
            <property name="importURL">
                <value>http://olafurandri.com/honn/teams.json</value>
            </property>
            <property name="processClass">
                <value>is.rufan.team.process.GameImportProcess</value>
            </property>
        </bean>

        <bean id="gameReader" class="is.rufan.team.process.GameReader">
            <property name="URI">
                <value>http://olafurandri.com/honn/fixtures.json</value></property>
        </bean>

    </beans>

</beans>

