<?xml version="1.0" encoding="UTF-8"?>
<beans xmlns="http://www.springframework.org/schema/beans"
       xmlns:xsi="http://www.w3.org/2001/XMLSchema-instance"
       xsi:schemaLocation="http://www.springframework.org/schema/beans http://www.springframework.org/schema/beans/spring-beans.xsd">

       <beans>
              <bean id="processContext" class="is.ruframework.process.RuProcessContext">
                     <property name="processName">
                            <value>WinnerSelectionProcess</value>
                     </property>
                     <property name="processClass">
                            <value>is.rufan.winnerselection.process.WinnerSelectionProcess</value>
                     </property>
              </bean>
       </beans>

</beans>